INSERT INTO MUSEUM (ID, NAME) VALUES (1, 'Museum1')
INSERT INTO MUSEUM (ID, NAME) VALUES (2, 'Museum2')
INSERT INTO MUSEUM (ID, NAME) VALUES (3, 'Museum3')
INSERT INTO MUSEUM (ID, NAME) VALUES (4, 'Museum4')
INSERT INTO MUSEUM (ID, NAME) VALUES (5, 'Museum5')

INSERT INTO EXHIBITS(ID, NAME, MUSEUM_ID) VALUES(1, 'Fossils', 1)
INSERT INTO EXHIBITS(ID, NAME, MUSEUM_ID) VALUES(2, 'art', 1)
INSERT INTO EXHIBITS(ID, NAME, MUSEUM_ID) VALUES(3, 'art2', 2)
INSERT INTO EXHIBITS(ID, NAME, MUSEUM_ID) VALUES(4, 'Fossils3', 2)
INSERT INTO EXHIBITS(ID, NAME, MUSEUM_ID) VALUES(5, 'Fossils4', 3)
INSERT INTO EXHIBITS(ID, NAME, MUSEUM_ID) VALUES(6, 'Fossils5', 4)
INSERT INTO EXHIBITS(ID, NAME, MUSEUM_ID) VALUES(7, 'Fossils6', 1)
INSERT INTO EXHIBITS(ID, NAME, MUSEUM_ID) VALUES(8, 'Fossils7', 4)
INSERT INTO EXHIBITS(ID, NAME, MUSEUM_ID) VALUES(9, 'Fossils8', 5)
INSERT INTO EXHIBITS(ID, NAME, MUSEUM_ID) VALUES(10, 'Fossils9', 2)

INSERT INTO ARTEFACTS(ID, COUNTRY, CREATOR, DATE, NAME, EXHIBIT_ID) VALUES (1, 'America', 'Me', '1999-01-01', 'Dave', 1)
INSERT INTO ARTEFACTS(ID, COUNTRY, CREATOR, DATE, NAME, EXHIBIT_ID) VALUES (2, 'America', 'Me', '1999-01-01', 'Dave', 1)
INSERT INTO ARTEFACTS(ID, COUNTRY, CREATOR, DATE, NAME, EXHIBIT_ID) VALUES (3, 'America', 'Me', '1999-01-01', 'Dave', 1)
INSERT INTO ARTEFACTS(ID, COUNTRY, CREATOR, DATE, NAME, EXHIBIT_ID) VALUES (4, 'America', 'Me', '1999-01-01', 'Dave', 1)
INSERT INTO ARTEFACTS(ID, COUNTRY, CREATOR, DATE, NAME, EXHIBIT_ID) VALUES (5, 'America', 'Me', '1999-01-01', 'Dave', 1)
