INSERT INTO MUSEUM (ID, NAME, COUNTRY) VALUES (1, 'Natural History Museum', 'UnitedKingdom')
INSERT INTO MUSEUM (ID, NAME, COUNTRY) VALUES (2, 'Science Museum', 'UnitedKingdom')
INSERT INTO MUSEUM (ID, NAME, COUNTRY) VALUES (3, 'V&A Museum','UnitedKingdom')
INSERT INTO MUSEUM (ID, NAME, COUNTRY) VALUES (4, 'Louvre', 'France')
INSERT INTO MUSEUM (ID, NAME, COUNTRY) VALUES (5, 'Museum of Modern Art','UnitedKingdom')
INSERT INTO MUSEUM (ID, NAME, COUNTRY) VALUES (6, 'The Metropolitan','UnitedStates')
INSERT INTO MUSEUM (ID, NAME, COUNTRY) VALUES (7, 'The National Museum of African American History and Culture','UnitedStates')
INSERT INTO MUSEUM (ID, NAME, COUNTRY) VALUES (8, 'The National Gallery', 'UnitedKingdom')
INSERT INTO MUSEUM (ID, NAME, COUNTRY) VALUES (9, 'The Museum of Islamic Art','Qatar')
INSERT INTO MUSEUM (ID, NAME, COUNTRY) VALUES (10, 'Van Gogh Museum', 'Netherlands')
INSERT INTO MUSEUM (ID, NAME, COUNTRY) VALUES (11, 'National Emergency Services', 'UnitedKingdom')
INSERT INTO MUSEUM (ID, NAME, COUNTRY) VALUES (12, 'Crystal Palace.','UnitedKingdom')
INSERT INTO MUSEUM (ID, NAME, COUNTRY) VALUES (13, 'Fitzwilliam Museum', 'UnitedKingdom')
INSERT INTO MUSEUM (ID, NAME, COUNTRY) VALUES (14, 'Imperial War Museum', 'UnitedKingdom')
INSERT INTO MUSEUM (ID, NAME, COUNTRY) VALUES (15, 'Victoria and Albert Museum','UnitedKingdom')
INSERT INTO MUSEUM (ID, NAME, COUNTRY) VALUES (16, 'Tate Modern','UnitedKingdom')
INSERT INTO MUSEUM (ID, NAME, COUNTRY) VALUES (17, 'London Transport Museum', 'UnitedKingdom')
INSERT INTO MUSEUM (ID, NAME, COUNTRY) VALUES (18, 'TOKYO NATIONAL MUSEUM', 'Japan')
INSERT INTO MUSEUM (ID, NAME, COUNTRY) VALUES (19, 'Sherlock Holmes Museum ', 'UnitedKingdom')
INSERT INTO MUSEUM (ID, NAME, COUNTRY) VALUES (20, 'Clink Prison Museum','UnitedKingdom')



INSERT INTO EXHIBITS(ID, NAME, MUSEUM_ID) VALUES(1, 'Ancient Egypt', 1)
INSERT INTO EXHIBITS(ID, NAME, MUSEUM_ID) VALUES(2, 'Tudor history', 1)
INSERT INTO EXHIBITS(ID, NAME, MUSEUM_ID) VALUES(3, 'Victorian history', 1)
INSERT INTO EXHIBITS(ID, NAME, MUSEUM_ID) VALUES(4, 'Gallery', 1)
INSERT INTO EXHIBITS(ID, NAME, MUSEUM_ID) VALUES(5, 'Solar System', 2)
INSERT INTO EXHIBITS(ID, NAME, MUSEUM_ID) VALUES(6, 'Fossils', 2)
INSERT INTO EXHIBITS(ID, NAME, MUSEUM_ID) VALUES(7, 'Africa Fashion', 3)
INSERT INTO EXHIBITS(ID, NAME, MUSEUM_ID) VALUES(8, 'Cornelia Parker', 3)
INSERT INTO EXHIBITS(ID, NAME, MUSEUM_ID) VALUES(9, 'Mona Lisa', 4)
INSERT INTO EXHIBITS(ID, NAME, MUSEUM_ID) VALUES(10, '1880s-1940s', 5)
INSERT INTO EXHIBITS(ID, NAME, MUSEUM_ID) VALUES(11, 'Winslow Homer', 6)
INSERT INTO EXHIBITS(ID, NAME, MUSEUM_ID) VALUES(12, 'A Lexicon of Fashion', 6)
INSERT INTO EXHIBITS(ID, NAME, MUSEUM_ID) VALUES(13, 'Double Victory', 7)
INSERT INTO EXHIBITS(ID, NAME, MUSEUM_ID) VALUES(14, 'Niko', 8)
INSERT INTO EXHIBITS(ID, NAME, MUSEUM_ID) VALUES(15, 'Manuscript', 9)
INSERT INTO EXHIBITS(ID, NAME, MUSEUM_ID) VALUES(16, 'Textile', 9)
INSERT INTO EXHIBITS(ID, NAME, MUSEUM_ID) VALUES(17, 'Colour As Language', 10)
INSERT INTO EXHIBITS(ID, NAME, MUSEUM_ID) VALUES(18, 'Fire Service', 11)
INSERT INTO EXHIBITS(ID, NAME, MUSEUM_ID) VALUES(19, 'Stadium', 12)
INSERT INTO EXHIBITS(ID, NAME, MUSEUM_ID) VALUES(20, 'Hockneys Eye', 13)
INSERT INTO EXHIBITS(ID, NAME, MUSEUM_ID) VALUES(21, 'Armour', 14)
INSERT INTO EXHIBITS(ID, NAME, MUSEUM_ID) VALUES(22, 'Beatrix Potter', 15)
INSERT INTO EXHIBITS(ID, NAME, MUSEUM_ID) VALUES(23, 'Lubaina Himid', 16)
INSERT INTO EXHIBITS(ID, NAME, MUSEUM_ID) VALUES(24, 'Ephermera', 17)
INSERT INTO EXHIBITS(ID, NAME, MUSEUM_ID) VALUES(25, 'Honkan', 18)
INSERT INTO EXHIBITS(ID, NAME, MUSEUM_ID) VALUES(26, 'Baker Street', 19)
INSERT INTO EXHIBITS(ID, NAME, MUSEUM_ID) VALUES(27, 'Cell', 20)





INSERT INTO ARTEFACTS(ID, COUNTRY, CREATOR, DATE, NAME, EXHIBIT_ID) VALUES (1, 'America', 'Me', '1999-01-01', 'Dave', 1)
INSERT INTO ARTEFACTS(ID, COUNTRY, CREATOR, DATE, NAME, EXHIBIT_ID) VALUES (2, 'America', 'Me', '1999-01-01', 'Dave', 1)
INSERT INTO ARTEFACTS(ID, COUNTRY, CREATOR, DATE, NAME, EXHIBIT_ID) VALUES (3, 'America', 'Me', '1999-01-01', 'Dave', 1)
INSERT INTO ARTEFACTS(ID, COUNTRY, CREATOR, DATE, NAME, EXHIBIT_ID) VALUES (4, 'America', 'Me', '1999-01-01', 'Dave', 1)
INSERT INTO ARTEFACTS(ID, COUNTRY, CREATOR, DATE, NAME, EXHIBIT_ID) VALUES (5, 'America', 'Me', '1999-01-01', 'Dave', 1)
