INSERT INTO MUSEUM (ID, NAME) VALUES (1, 'Natural History Museum')
INSERT INTO MUSEUM (ID, NAME) VALUES (2, 'Science Museum')
INSERT INTO MUSEUM (ID, NAME) VALUES (3, 'V&A Museum')
INSERT INTO MUSEUM (ID, NAME) VALUES (4, 'Louvre')
INSERT INTO MUSEUM (ID, NAME) VALUES (5, 'Museum of Modern Art')
INSERT INTO MUSEUM (ID, NAME) VALUES (6, 'The Metropolitan')
INSERT INTO MUSEUM (ID, NAME) VALUES (7, 'The National Museum of African American History and Culture')
INSERT INTO MUSEUM (ID, NAME) VALUES (8, 'The National Gallery')
INSERT INTO MUSEUM (ID, NAME) VALUES (9, 'The Museum of Islamic Art')
INSERT INTO MUSEUM (ID, NAME) VALUES (10, 'Van Gogh Museum')
INSERT INTO MUSEUM (ID, NAME) VALUES (11, 'National Emergency Services')
INSERT INTO MUSEUM (ID, NAME) VALUES (12, 'Crystal Palace.')
INSERT INTO MUSEUM (ID, NAME) VALUES (13, 'Fitzwilliam Museum')
INSERT INTO MUSEUM (ID, NAME) VALUES (14, 'Imperial War Museum')
INSERT INTO MUSEUM (ID, NAME) VALUES (15, 'Victoria and Albert Museum')
INSERT INTO MUSEUM (ID, NAME) VALUES (16, 'Tate Modern')
INSERT INTO MUSEUM (ID, NAME) VALUES (17, 'London Transport Museum')
INSERT INTO MUSEUM (ID, NAME) VALUES (18, 'TOKYO NATIONAL MUSEUM')
INSERT INTO MUSEUM (ID, NAME) VALUES (19, 'Sherlock Holmes Museum ')
INSERT INTO MUSEUM (ID, NAME) VALUES (20, 'Clink Prison Museum')


INSERT INTO EXHIBITS(ID, NAME, MUSEUM_ID) VALUES(1, 'Fossils', 1)
INSERT INTO EXHIBITS(ID, NAME, MUSEUM_ID) VALUES(2, 'art', 1)
INSERT INTO EXHIBITS(ID, NAME, MUSEUM_ID) VALUES(3, 'art2', 2)
INSERT INTO EXHIBITS(ID, NAME, MUSEUM_ID) VALUES(4, 'Fossils3', 2)
INSERT INTO EXHIBITS(ID, NAME, MUSEUM_ID) VALUES(5, 'Fossils4', 3)
INSERT INTO EXHIBITS(ID, NAME, MUSEUM_ID) VALUES(6, 'Fossils5', 4)
INSERT INTO EXHIBITS(ID, NAME, MUSEUM_ID) VALUES(7, 'Fossils6', 1)
INSERT INTO EXHIBITS(ID, NAME, MUSEUM_ID) VALUES(8, 'Fossils7', 4)
INSERT INTO EXHIBITS(ID, NAME, MUSEUM_ID) VALUES(9, 'Fossils8', 5)
INSERT INTO EXHIBITS(ID, NAME, MUSEUM_ID) VALUES(10, 'Fossils9', 2)

INSERT INTO ARTEFACTS(ID, COUNTRY, CREATOR, DATE, NAME, EXHIBIT_ID) VALUES (1, 'America', 'Me', '1999-01-01', 'Dave', 1)
INSERT INTO ARTEFACTS(ID, COUNTRY, CREATOR, DATE, NAME, EXHIBIT_ID) VALUES (2, 'America', 'Me', '1999-01-01', 'Dave', 1)
INSERT INTO ARTEFACTS(ID, COUNTRY, CREATOR, DATE, NAME, EXHIBIT_ID) VALUES (3, 'America', 'Me', '1999-01-01', 'Dave', 1)
INSERT INTO ARTEFACTS(ID, COUNTRY, CREATOR, DATE, NAME, EXHIBIT_ID) VALUES (4, 'America', 'Me', '1999-01-01', 'Dave', 1)
INSERT INTO ARTEFACTS(ID, COUNTRY, CREATOR, DATE, NAME, EXHIBIT_ID) VALUES (5, 'America', 'Me', '1999-01-01', 'Dave', 1)
